{
"autoplayBgm":true,"autoplayBgs":false,"battleback1Name":"","battleback2Name":"","bgm":{"name":"Code-Veronica_Battle_game","pan":0,"pitch":100,"volume":100},"bgs":{"name":"","pan":0,"pitch":100,"volume":90},"disableDashing":true,"displayName":"アナザーシナリオ","encounterList":[],"encounterStep":30,"height":12,"note":"","parallaxLoopX":false,"parallaxLoopY":false,"parallaxName":"dekisugi the spy","parallaxShow":true,"parallaxSx":0,"parallaxSy":0,"scrollType":0,"specifyBattleback":false,"tilesetId":1,"width":17,
"data":[0,0,0,0,0,0,0,0,0,0,0,0,0,0,0,0,0,0,0,0,0,0,0,0,0,0,0,0,0,0,0,0,0,0,0,0,0,0,0,0,0,0,0,0,0,0,0,0,0,0,0,0,0,0,0,0,0,0,0,0,0,0,0,0,0,0,0,0,0,0,0,0,0,0,0,0,0,0,0,0,0,0,0,0,0,0,0,0,0,0,0,0,0,0,0,0,0,0,0,0,0,0,0,0,0,0,0,0,0,0,0,0,0,0,0,0,0,0,0,0,0,0,0,0,0,0,0,0,0,0,0,0,0,0,0,0,0,0,0,0,0,0,0,0,0,0,0,0,0,0,0,0,0,0,0,0,0,0,0,0,0,0,0,0,0,0,0,0,0,0,0,0,0,0,0,0,0,0,0,0,0,0,0,0,0,0,0,0,0,0,0,0,0,0,0,0,0,0,0,0,0,0,0,0,0,0,0,0,0,0,0,0,0,0,0,0,0,0,0,0,0,0,0,0,0,0,0,0,0,0,0,0,0,0,0,0,0,0,0,0,0,0,0,0,0,0,0,0,0,0,0,0,0,0,0,0,0,0,0,0,0,0,0,0,0,0,0,0,0,0,0,0,0,0,0,0,0,0,0,0,0,0,0,0,0,0,0,0,0,0,0,0,0,0,0,0,0,0,0,0,0,0,0,0,0,0,0,0,0,0,0,0,0,0,0,0,0,0,0,0,0,0,0,0,0,0,0,0,0,0,0,0,0,0,0,0,0,0,0,0,0,0,0,0,0,0,0,0,0,0,0,0,0,0,0,0,0,0,0,0,0,0,0,0,0,0,0,0,0,0,0,0,0,0,0,0,0,0,0,0,0,0,0,0,0,0,0,0,0,0,0,0,0,0,0,0,0,0,0,0,0,0,0,0,0,0,0,0,0,0,0,0,0,0,0,0,0,0,0,0,0,0,0,0,0,0,0,0,0,0,0,0,0,0,0,0,0,0,0,0,0,0,0,0,0,0,0,0,0,0,0,0,0,0,0,0,0,0,0,0,0,0,0,0,0,0,0,0,0,0,0,0,0,0,0,0,0,0,0,0,0,0,0,0,0,0,0,0,0,0,0,0,0,0,0,0,0,0,0,0,0,0,0,0,0,0,0,0,0,0,0,0,0,0,0,0,0,0,0,0,0,0,0,0,0,0,0,0,0,0,0,0,0,0,0,0,0,0,0,0,0,0,0,0,0,0,0,0,0,0,0,0,0,0,0,0,0,0,0,0,0,0,0,0,0,0,0,0,0,0,0,0,0,0,0,0,0,0,0,0,0,0,0,0,0,0,0,0,0,0,0,0,0,0,0,0,0,0,0,0,0,0,0,0,0,0,0,0,0,0,0,0,0,0,0,0,0,0,0,0,0,0,0,0,0,0,0,0,0,0,0,0,0,0,0,0,0,0,0,0,0,0,0,0,0,0,0,0,0,0,0,0,0,0,0,0,0,0,0,0,0,0,0,0,0,0,0,0,0,0,0,0,0,0,0,0,0,0,0,0,0,0,0,0,0,0,0,0,0,0,0,0,0,0,0,0,0,0,0,0,0,0,0,0,0,0,0,0,0,0,0,0,0,0,0,0,0,0,0,0,0,0,0,0,0,0,0,0,0,0,0,0,0,0,0,0,0,0,0,0,0,0,0,0,0,0,0,0,0,0,0,0,0,0,0,0,0,0,0,0,0,0,0,0,0,0,0,0,0,0,0,0,0,0,0,0,0,0,0,0,0,0,0,0,0,0,0,0,0,0,0,0,0,0,0,0,0,0,0,0,0,0,0,0,0,0,0,0,0,0,0,0,0,0,0,0,0,0,0,0,0,0,0,0,0,0,0,0,0,0,0,0,0,0,0,0,0,0,0,0,0,0,0,0,0,0,0,0,0,0,0,0,0,0,0,0,0,0,0,0,0,0,0,0,0,0,0,0,0,0,0,0,0,0,0,0,0,0,0,0,0,0,0,0,0,0,0,0,0,0,0,0,0,0,0,0,0,0,0,0,0,0,0,0,0,0,0,0,0,0,0,0,0,0,0,0,0,0,0,0,0,0,0,0,0,0,0,0,0,0,0,0,0,0,0,0,0,0,0,0,0,0,0,0,0,0,0,0,0,0,0,0,0,0,0,0,0,0,0,0,0,0,0,0,0,0,0,0,0,0,0,0,0,0,0,0,0,0,0,0,0,0,0,0,0,0,0,0,0,0,0,0,0,0,0,0,0,0,0,0,0,0,0,0,0,0,0,0,0,0,0,0,0,0,0,0,0,0,0,0,0,0,0,0,0,0,0,0,0,0,0,0,0,0,0,0,0,0,0,0,0,0,0,0,0,0,0,0,0,0,0,0,0,0,0,0,0,0,0,0,0,0,0,0,0,0,0,0,0,0,0,0,0,0,0,0,0,0,0,0,0,0,0,0,0,0,0,0,0,0,0,0,0,0,0,0,0,0,0,0,0,0,0,0,0,0,0,0,0,0,0,0,0,0,0,0,0,0,0,0,0,0,0,0,0,0,0,0,0,0,0,0,0,0,0,0,0,0,0,0,0,0,0,0,0,0,0,0,0,0,0,0,0,0,0,0,0,0,0,0,0,0,0,0,0,0,0,0,0,0,0,0,0,0,0,0,0,0,0,0,0,0,0,0,0,0,0,0,0,0,0,0,0,0,0,0,0,0,0,0,0,0,0,0,0,0,0,0,0,0,0,0,0,0,0,0,0,0,0,0,0,0,0,0],
"events":[
null,
{"id":1,"name":"タイトル的な","note":"","pages":[{"conditions":{"actorId":1,"actorValid":false,"itemId":1,"itemValid":false,"selfSwitchCh":"A","selfSwitchValid":false,"switch1Id":1,"switch1Valid":false,"switch2Id":1,"switch2Valid":false,"variableId":1,"variableValid":false,"variableValue":0},"directionFix":false,"image":{"tileId":0,"characterName":"イベントカラー","direction":2,"pattern":1,"characterIndex":5},"list":[{"code":0,"indent":0,"parameters":[]}],"moveFrequency":3,"moveRoute":{"list":[{"code":0,"parameters":[]}],"repeat":true,"skippable":false,"wait":false},"moveSpeed":3,"moveType":0,"priorityType":1,"stepAnime":false,"through":false,"trigger":0,"walkAnime":true},{"conditions":{"actorId":1,"actorValid":false,"itemId":1,"itemValid":false,"selfSwitchCh":"A","selfSwitchValid":false,"switch1Id":1,"switch1Valid":false,"switch2Id":1,"switch2Valid":false,"variableId":1,"variableValid":false,"variableValue":0},"directionFix":false,"image":{"characterIndex":0,"characterName":"","direction":2,"pattern":0,"tileId":0},"list":[{"code":281,"indent":0,"parameters":[1]},{"code":129,"indent":0,"parameters":[1,1,false]},{"code":129,"indent":0,"parameters":[3,1,false]},{"code":205,"indent":0,"parameters":[-1,{"list":[{"code":41,"parameters":["出来杉セット",0],"indent":null},{"code":0}],"repeat":false,"skippable":false,"wait":true}]},{"code":505,"indent":0,"parameters":[{"code":41,"parameters":["出来杉セット",0],"indent":null}]},{"code":241,"indent":0,"parameters":[{"name":"","volume":100,"pitch":100,"pan":0}]},{"code":124,"indent":0,"parameters":[1]},{"code":319,"indent":0,"parameters":[3,1,0]},{"code":319,"indent":0,"parameters":[3,2,0]},{"code":319,"indent":0,"parameters":[3,3,0]},{"code":117,"indent":0,"parameters":[95]},{"code":117,"indent":0,"parameters":[96]},{"code":121,"indent":0,"parameters":[1,5000,1]},{"code":122,"indent":0,"parameters":[1,5000,0,0,0]},{"code":250,"indent":0,"parameters":[{"name":"bio1_決定音２","volume":100,"pitch":100,"pan":0}]},{"code":121,"indent":0,"parameters":[327,327,0]},{"code":121,"indent":0,"parameters":[328,328,0]},{"code":0,"indent":0,"parameters":[]}],"moveFrequency":3,"moveRoute":{"list":[{"code":0,"parameters":[]}],"repeat":true,"skippable":false,"wait":false},"moveSpeed":3,"moveType":0,"priorityType":1,"stepAnime":false,"through":false,"trigger":3,"walkAnime":true},{"conditions":{"actorId":1,"actorValid":false,"itemId":1,"itemValid":false,"selfSwitchCh":"A","selfSwitchValid":false,"switch1Id":328,"switch1Valid":true,"switch2Id":1,"switch2Valid":false,"variableId":1,"variableValid":false,"variableValue":0},"directionFix":false,"image":{"characterIndex":0,"characterName":"","direction":2,"pattern":0,"tileId":0},"list":[{"code":102,"indent":0,"parameters":[["ＳＴＡＲＴ"," ＥＸＩＴ"],-1,0,1,2]},{"code":402,"indent":0,"parameters":[0,"ＳＴＡＲＴ"]},{"code":117,"indent":1,"parameters":[13]},{"code":230,"indent":1,"parameters":[30]},{"code":250,"indent":1,"parameters":[{"name":"CORE12_0004","volume":100,"pitch":100,"pan":0}]},{"code":250,"indent":1,"parameters":[{"name":"CORE12_0004","volume":100,"pitch":100,"pan":0}]},{"code":250,"indent":1,"parameters":[{"name":"CORE12_0004","volume":100,"pitch":100,"pan":0}]},{"code":224,"indent":1,"parameters":[[255,255,255,255],12,true]},{"code":230,"indent":1,"parameters":[30]},{"code":221,"indent":1,"parameters":[]},{"code":230,"indent":1,"parameters":[30]},{"code":129,"indent":1,"parameters":[3,0,true]},{"code":122,"indent":1,"parameters":[202,202,0,0,0]},{"code":112,"indent":1,"parameters":[]},{"code":122,"indent":2,"parameters":[203,203,0,2,0,1]},{"code":111,"indent":2,"parameters":[1,203,0,0,0]},{"code":121,"indent":3,"parameters":[329,329,0]},{"code":122,"indent":3,"parameters":[202,202,1,0,1]},{"code":0,"indent":3,"parameters":[]},{"code":411,"indent":2,"parameters":[]},{"code":121,"indent":3,"parameters":[329,329,1]},{"code":0,"indent":3,"parameters":[]},{"code":412,"indent":2,"parameters":[]},{"code":122,"indent":2,"parameters":[203,203,0,2,0,1]},{"code":111,"indent":2,"parameters":[1,203,0,0,0]},{"code":121,"indent":3,"parameters":[330,330,0]},{"code":122,"indent":3,"parameters":[202,202,1,0,1]},{"code":0,"indent":3,"parameters":[]},{"code":411,"indent":2,"parameters":[]},{"code":121,"indent":3,"parameters":[330,330,1]},{"code":0,"indent":3,"parameters":[]},{"code":412,"indent":2,"parameters":[]},{"code":122,"indent":2,"parameters":[203,203,0,2,0,1]},{"code":111,"indent":2,"parameters":[1,203,0,0,0]},{"code":121,"indent":3,"parameters":[331,331,0]},{"code":122,"indent":3,"parameters":[202,202,1,0,1]},{"code":0,"indent":3,"parameters":[]},{"code":411,"indent":2,"parameters":[]},{"code":121,"indent":3,"parameters":[331,331,1]},{"code":0,"indent":3,"parameters":[]},{"code":412,"indent":2,"parameters":[]},{"code":122,"indent":2,"parameters":[203,203,0,2,0,1]},{"code":111,"indent":2,"parameters":[1,203,0,0,0]},{"code":121,"indent":3,"parameters":[332,332,0]},{"code":122,"indent":3,"parameters":[202,202,1,0,1]},{"code":0,"indent":3,"parameters":[]},{"code":411,"indent":2,"parameters":[]},{"code":121,"indent":3,"parameters":[332,332,1]},{"code":0,"indent":3,"parameters":[]},{"code":412,"indent":2,"parameters":[]},{"code":122,"indent":2,"parameters":[203,203,0,2,0,1]},{"code":111,"indent":2,"parameters":[1,203,0,0,0]},{"code":121,"indent":3,"parameters":[333,333,0]},{"code":122,"indent":3,"parameters":[202,202,1,0,1]},{"code":0,"indent":3,"parameters":[]},{"code":411,"indent":2,"parameters":[]},{"code":121,"indent":3,"parameters":[333,333,1]},{"code":0,"indent":3,"parameters":[]},{"code":412,"indent":2,"parameters":[]},{"code":122,"indent":2,"parameters":[203,203,0,2,0,1]},{"code":111,"indent":2,"parameters":[1,203,0,0,0]},{"code":121,"indent":3,"parameters":[334,334,0]},{"code":122,"indent":3,"parameters":[202,202,1,0,1]},{"code":0,"indent":3,"parameters":[]},{"code":411,"indent":2,"parameters":[]},{"code":121,"indent":3,"parameters":[334,334,1]},{"code":0,"indent":3,"parameters":[]},{"code":412,"indent":2,"parameters":[]},{"code":122,"indent":2,"parameters":[203,203,0,2,0,1]},{"code":111,"indent":2,"parameters":[1,203,0,0,0]},{"code":121,"indent":3,"parameters":[335,335,0]},{"code":122,"indent":3,"parameters":[202,202,1,0,1]},{"code":0,"indent":3,"parameters":[]},{"code":411,"indent":2,"parameters":[]},{"code":121,"indent":3,"parameters":[335,335,1]},{"code":0,"indent":3,"parameters":[]},{"code":412,"indent":2,"parameters":[]},{"code":122,"indent":2,"parameters":[203,203,0,2,0,1]},{"code":111,"indent":2,"parameters":[1,203,0,0,0]},{"code":121,"indent":3,"parameters":[336,336,0]},{"code":122,"indent":3,"parameters":[202,202,1,0,1]},{"code":0,"indent":3,"parameters":[]},{"code":411,"indent":2,"parameters":[]},{"code":121,"indent":3,"parameters":[336,336,1]},{"code":0,"indent":3,"parameters":[]},{"code":412,"indent":2,"parameters":[]},{"code":111,"indent":2,"parameters":[1,202,0,4,0]},{"code":113,"indent":3,"parameters":[]},{"code":0,"indent":3,"parameters":[]},{"code":411,"indent":2,"parameters":[]},{"code":122,"indent":3,"parameters":[202,202,0,0,0]},{"code":0,"indent":3,"parameters":[]},{"code":412,"indent":2,"parameters":[]},{"code":0,"indent":2,"parameters":[]},{"code":413,"indent":1,"parameters":[]},{"code":122,"indent":1,"parameters":[202,202,0,0,0]},{"code":122,"indent":1,"parameters":[6,6,0,0,2]},{"code":201,"indent":1,"parameters":[0,155,8,6,0,0]},{"code":0,"indent":1,"parameters":[]},{"code":402,"indent":0,"parameters":[1," ＥＸＩＴ"]},{"code":354,"indent":1,"parameters":[]},{"code":0,"indent":1,"parameters":[]},{"code":404,"indent":0,"parameters":[]},{"code":0,"indent":0,"parameters":[]}],"moveFrequency":3,"moveRoute":{"list":[{"code":0,"parameters":[]}],"repeat":true,"skippable":false,"wait":false},"moveSpeed":3,"moveType":0,"priorityType":0,"stepAnime":false,"through":false,"trigger":3,"walkAnime":true}],"x":0,"y":0}
]
}